pm_id,weight,fiscal_year, fiscal_month
1,0.01,2021,3
2,0.1,2021,3
3,0.1,2021,3
4,0.1,2021,3
5,0.1,2021,3
6,0.01,2021,3
7,0.01,2021,3
8,0.01,2021,3
9,0.01,2021,3
10,0.09,2021,3
11,0.1,2021,3
12,0.1,2021,3
13,0.01,2021,3
14,0.02,2021,3
15,0.01,2021,3
16,0.01,2021,3
17,0.01,2021,3
18,0.01,2021,3
19,0.03,2021,3
20,0.06,2021,3
21,0.01,2021,3
22,0.01,2021,3
23,0.01,2021,3
24,0.01,2021,3
25,0.01,2021,3
26,0.04,2021,3
27,0.01,2021,3
28,0.75,2021,3
29,0.1,2021,3
30,0.05,2021,3
31,0.05,2021,3
32,0.05,2021,3
