pm_id, product_id, business_type_id
1,2,1
2,3,1
3,4,1
4,5,1
5,6,1
6,1,1
6,2,1
7,2,1
7,4,1
8,2,1
8,5,1
9,2,1
9,6,1
10,3,1
10,4,1
11,3,1
11,5,1
12,3,1
12,6,1
13,4,1
13,5,1
14,4,1
14,6,1
15,5,1
15,6,1
16,1,1
16,2,1
16,4,1
17,1,1
17,2,1
17,5,1
18,1,1
18,2,1
18,6,1
19,3,1
19,4,1
19,5,1
20,3,1
20,4,1
20,6,1
21,3,1
21,5,1
21,6,1
22,1,1
22,2,1
22,4,1
22,5,1
23,1,1
23,2,1
23,4,1
23,6,1
24,1,1
24,2,1
24,5,1
24,6,1
25,2,1
25,4,1
25,5,1
25,6,1
26,3,1
26,4,1
26,5,1
26,6,1
27,1,1
27,2,1
27,4,1
27,5,1
27,6,1
28,3,2
29,4,2
30,5,2
31,3,2
31,4,2
32,3,2
32,5,2
