company_code,year,month,customer_id,business_type,product_id,product_weight,random_product_mix,units_sold_min,units_sold_max,price,"shipped(yes, no)",shipped_yes_weight
,,,,,,,,,,,,
,,,,,,,,,,,,
,,,,,,,,,,,,
,,,,,,,,,,,,
,,,,,,,,,,,,
,,,,,,,,,,,,
,,,,,,,,,,,,
,,,,,,,,,,,,
,,,,,,,,,,,,
,,,,,,,,,,,,
,,,,,,,,,,,,
,,,,,,,,,,,,
,,,,,,,,,,,,
,,,,,,,,,,,,
,,,,,,,,,,,,
,,,,,,,,,,,,
,,,,,,,,,,,,
,,,,,,,,,,,,
,,,,,,,,,,,,
note: ,,,,,,,,,,,,
"product_id 1 can mix with other products in an order in customer_id B-business, not i-Individual",,,,,,,,,,,,
